B-V;Lum;GrpName
0.022;17.19;Blanco 1
0.107;9.39;Blanco 1
0.318;2.79;Blanco 1
0.007;17.43;Blanco 1
0.081;10.33;Blanco 1
-0.085;88.03;Blanco 1
-0.058;41.65;Blanco 1
0.002;20.36;Blanco 1
0.036;19.57;Blanco 1
0.666;0.73;Tucana / Horologium
0.353;3.84;Blanco 1
0.595;1.39;Tucana / Horologium
-0.03;31.55;Blanco 1
0.752;0.69;Beta Pictoris
0.402;2.69;Blanco 1
0.061;12.77;Blanco 1
0.306;4.23;Blanco 1
-0.038;146.79;AB Doradus
0.127;15.74;Blanco 1
0.743;0.61;Tucana / Horologium
0.537;1.57;Tucana / Horologium
1.39;0.15;Tucana / Horologium
1.35;0.12;Tucana / Horologium
-0.064;39.35;Tucana / Horologium
0.147;32.6;Tucana / Horologium
0.038;17.97;Tucana / Horologium
1.05;0.37;Tucana / Horologium
0.539;2.05;Tucana / Horologium
1.48;0.06;Tucana / Horologium
0.972;14.84;Platais 2
0.16;11.75;Platais 2
0.203;7.54;Platais 2
0.039;45.71;Platais 2
-0.144;163.66;Platais 2
0.421;19.29;Platais 2
0.185;12.29;Platais 2
0.791;0.51;AB Doradus
0.705;0.91;Tucana / Horologium
0.656;0.91;Tucana / Horologium
0.951;0.27;Tucana / Horologium
0.71;1.04;Hyades
0.797;0.52;Beta Pictoris
-0.158;2858.39;Tucana / Horologium
0.395;5.07;Beta Pictoris, Tucana / Horologium
0.366;4.58;Tucana / Horologium
0.651;0.92;Tucana / Horologium
0.207;33.46;Stock 2
0.386;5.31;Tucana / Horologium
1.4;76.75;Stock 2
0.701;0.87;Tucana / Horologium
0.544;1.71;Tucana / Horologium
0.677;1.07;Hyades
0.376;20.91;Stock 2
1.172;119.64;Stock 2
0.43;25.2;Stock 2
0.124;26.84;Stock 2
-0.12;143.91;Tucana / Horologium
0.622;0.77;Beta Pictoris
0.518;2.09;Beta Pictoris
0.275;35.18;Stock 2
0.182;41.46;Stock 2
1.209;137.99;Stock 2
0.364;5.1;Tucana / Horologium
0.608;3.66;Beta Pictoris
0.172;18.15;Stock 2
0.012;70.24;Stock 2
0.214;108.82;Stock 2
1.205;0.24;Beta Pictoris
0.43;174.97;Stock 7
0.635;155.41;Stock 7
0.381;22.97;Stock 7
0.362;103.81;Stock 7
0.944;0.38;Hyades
-0.061;62.05;Tucana / Horologium
0.061;17.44;Tucana / Horologium
0.551;1.82;Tucana / Horologium
1.269;0.15;Beta Pictoris
0.68;1.85;AB Doradus
-0.1;139.64;AB Doradus
0.862;0.44;Beta Pictoris
-0.01;46.51;Alpha Perseus
0.537;2.89;Hyades
0.855;0.44;Hyades
0.28;8.36;Alpha Perseus
0.415;4.43;Hyades
0.926;0.44;Hyades
0.598;3.42;AB Doradus
0.63;1.37;Hyades
0.552;1.52;Hyades
0.166;8.39;Tucana / Horologium
-0.019;117.64;Alpha Perseus
0.11;16.23;Alpha Perseus
0.81;1.42;Alpha Perseus
0.006;59.18;Alpha Perseus
0.493;3.32;Alpha Perseus
0.44;6.55;Tucana / Horologium
0.31;11.48;Alpha Perseus
0.204;165.63;Stock 23
0.33;7.35;Alpha Perseus
0.732;0.85;Hyades
0.125;20.72;Alpha Perseus
0.032;44.77;Alpha Perseus
0.435;473.18;Stock 23
0.534;79.77;Stock 23
0.516;3.36;Alpha Perseus
0.438;4.67;Beta Pictoris, Tucana / Horologium
0.534;2.27;Tucana / Horologium
0.036;43.53;Alpha Perseus
0.078;352.38;Stock 23
1.408;0.11;Hyades
0.567;2.1;Hyades
0.617;1.23;Hyades
-0.06;294.97;Alpha Perseus
0.267;10.46;Pleiades
0.509;3.04;Alpha Perseus
0.191;18.74;Alpha Perseus
-0.073;411.34;Alpha Perseus
0.381;5.88;Tucana / Horologium
0.122;19.91;Alpha Perseus
0.202;143.3;Stock 23
-0.067;406.92;Alpha Perseus
0.825;0.5;Tucana / Horologium
0.457;6.53;Alpha Perseus
0.068;27.21;Alpha Perseus
0.141;60.35;Stock 23
0.046;46.67;Alpha Perseus
0.01;38.37;Alpha Perseus
1.13;0.19;Hyades
0.38;5.66;Alpha Perseus
0.121;12.25;Alpha Perseus
0.291;7.34;Alpha Perseus
-0.076;329.08;Alpha Perseus
0.073;19.28;Alpha Perseus
0.002;50.84;Alpha Perseus
0.335;8.6;Alpha Perseus
0.481;5291.32;Alpha Perseus
0.09;18.45;Alpha Perseus
0.493;2.96;Alpha Perseus
0.473;3.65;Alpha Perseus
-0.073;159.02;Alpha Perseus
0.04;29.42;Alpha Perseus
0.22;17.61;Alpha Perseus
0.092;24.24;Alpha Perseus
-0.027;68.5;Alpha Perseus
0.544;2.78;Alpha Perseus
-0.007;55.6;Alpha Perseus
0.038;37.85;Alpha Perseus
-0.091;493.99;Alpha Perseus
-0.054;231.33;Alpha Perseus
0.117;28.07;Alpha Perseus
0.33;5.45;Pleiades
-0.096;670.89;Alpha Perseus
0.131;97.87;Alpha Perseus
0.38;7.64;Alpha Perseus
0.105;24.26;Alpha Perseus
0.099;36.94;Alpha Perseus
0.273;8.64;Alpha Perseus
0.739;0.74;Hyades
-0.033;224.7;Alpha Perseus
0.303;6.18;Alpha Perseus
0.205;9.76;Alpha Perseus
0.252;7.86;Pleiades
0.391;3.54;Pleiades
0.265;9.76;Alpha Perseus
-0.027;79.75;Alpha Perseus
0.681;0.66;Pleiades
-0.025;85.92;Alpha Perseus
0.185;13.37;Alpha Perseus
0.393;5.49;Alpha Perseus
-0.101;361.14;Alpha Perseus
0.555;3.35;Alpha Perseus
0.503;2.66;Hyades
0.844;0.57;Hyades
0.672;0.85;Tucana / Horologium
0.8;0.67;AB Doradus
0.149;14.62;Alpha Perseus
0.404;5.62;Alpha Perseus
0.704;0.64;Pleiades
0.51;2.23;Pleiades
0.038;43.48;Alpha Perseus
0.54;1.51;Pleiades
-0.022;64.13;Alpha Perseus
-0.058;775.1;Alpha Perseus
0.592;1.4;Tucana / Horologium
0.24;10.38;Alpha Perseus
0.424;7.98;Alpha Perseus
0.917;0.32;Hyades
-0.064;127.94;Alpha Perseus
0.01;36.2;Alpha Perseus
0.634;1.45;Pleiades
0.238;10.3;Alpha Perseus
-0.001;32.1;Pleiades
0.645;1.09;Pleiades
0.039;19.96;Pleiades
0.068;17.62;Pleiades
0.616;0.85;Pleiades
0.608;1.23;Pleiades
1.13;23.71;IC 348
0.541;1.79;Pleiades
0.154;22.01;Pleiades
0.437;2.77;Pleiades
0.589;1.36;Pleiades
0.463;2.84;Pleiades
-0.048;935.58;IC 348
0.55;1.61;Pleiades
0.7;0.98;Pleiades
0.329;5.71;Pleiades
0.103;76.82;IC 348
0.141;12.73;Pleiades
0.691;24.76;IC 348
0.88;8.88;IC 348
0.031;29.04;IC 348
0.394;3.94;Pleiades
-0.034;109.62;Pleiades
0.403;3.31;Pleiades
-0.105;803.19;Pleiades
0.489;1.85;Pleiades
0.823;0.35;Pleiades
-0.064;107.21;Pleiades
-0.11;473.31;Pleiades
0.128;13.45;Pleiades
-0.011;51.02;Alpha Perseus
0.179;8.82;Pleiades
0.06;24.39;Pleiades
-0.063;539.82;Pleiades
0.065;26.55;Alpha Perseus
-0.036;81.77;Pleiades
0.213;7.75;Pleiades
-0.02;41.64;Pleiades
0.843;0.41;Pleiades
-0.051;399.91;Pleiades
0.33;4.1;IC 348
0.355;5.63;Pleiades
0.6;4.95;Alpha Perseus
0.036;138.48;IC 348
0.021;27.52;Pleiades
0.03;21.6;Pleiades
0.255;6.62;Pleiades
0.184;33.14;IC 348
-0.086;1576.25;Pleiades
0.066;23.34;Pleiades
0.167;29.16;Alpha Perseus
0.262;5.47;Pleiades
0.11;9.78;IC 348
0.035;167.75;IC 348
1.34;0.11;Hyades
0.309;11.99;IC 348
-0.067;127.51;Pleiades
0.128;22.75;Pleiades
-0.038;51.78;Tucana / Horologium
0.27;3.6;IC 348
0.219;19.8;Alpha Perseus
-0.07;678.49;Pleiades
-0.082;202.42;Pleiades
-0.027;36.97;Pleiades
0.07;25.34;IC 348
0.033;21.94;Pleiades
-0.046;58.5;Pleiades
-0.006;56.55;Pleiades
0.063;30.11;Pleiades
0.435;4.15;Hyades
0.231;21.13;AB Doradus
0.782;0.32;Hyades
0.404;21.91;IC 348
-0.011;55.58;IC 348
0.078;20.2;Pleiades
1.16;0.15;Hyades
0.38;3.92;Pleiades
-0.036;403.3;IC 348
0.635;1.01;Pleiades
0.044;72.24;IC 348
0.149;10.2;IC 348
0.48;2.08;Pleiades
0.354;6.18;Hyades
0.06;25.08;IC 348
0.083;20.93;IC 348
0.11;43.29;Pleiades
0.241;11.09;Alpha Perseus
0.271;4384.95;IC 348
0.714;0.69;Pleiades
0.737;0.55;Pleiades
1.07;0.18;Hyades
0.895;0.49;Hyades
0.054;16.55;IC 348
-0.073;357.25;Alpha Perseus
0.24;20.63;IC 348
0.269;6.11;Pleiades
-0.058;576.47;IC 348
0.518;2.27;Pleiades
0.035;20.12;Pleiades
0.213;12.51;IC 348
0.417;4;Hyades
0.23;14.25;Alpha Perseus
0.611;0.97;Tucana / Horologium
0.319;6.72;Hyades
0.2;11.55;IC 348
0.149;16.99;Alpha Perseus
0.516;2.24;AB Doradus
1.095;0.21;Hyades
0.57;2.15;Pleiades
0.371;7.11;Hyades
0.68;1.39;Hyades
0.89;0.59;Hyades
0.593;1.39;Hyades
-0.124;246.06;Pleiades
0.481;2.04;AB Doradus
1.18;0.16;Hyades
0.397;6.22;Hyades
1.005;0.33;Hyades
1.327;0.08;Hyades
0.637;2.7;Hyades
0.587;2.57;Pleiades
1.192;0.13;Hyades
0.427;3.74;Hyades
0.36;5.92;Hyades
1.09;0.34;Hyades
0.693;0.85;Hyades
0.64;1.02;Hyades
0.424;4.49;Hyades
0.657;1.25;Hyades
0.514;2.59;Hyades
1.204;0.11;Hyades
1.209;0.11;Beta Pictoris
1.363;0.06;Hyades
0.924;0.06;Hyades
0.705;1.9;Hyades
0.4;5.17;Hyades
0.813;0.62;Hyades
1.23;0.2;Hyades
0.756;0.97;Hyades
-0.108;181.64;Tucana / Horologium
0.681;1.98;Hyades
0.98;0.47;Hyades
1.097;0.38;Hyades
0.277;13.39;Hyades
0.745;0.64;Hyades
0.721;0.87;Hyades
0.981;101.36;Hyades
0.509;3.4;Hyades
0.283;10.13;Hyades
0.56;1.71;Hyades
0.404;7.04;Hyades
0.225;14.38;Hyades
0.456;6.62;Hyades
0.473;3.09;Tucana / Horologium
0.434;4.78;Hyades
0.441;4.22;Hyades
0.412;5.59;Hyades
0.315;8.4;Hyades
1.183;0.48;Hyades
0.518;2.68;Hyades
0.677;1.08;Hyades
0.983;84.1;Hyades
0.758;0.72;Hyades
0.908;0.71;Hyades
0.31;11.36;Hyades
1.231;0.21;Hyades
0.462;3.07;Hyades
0.855;0.51;Hyades
1.288;0.15;Hyades
0.154;24.6;Hyades
0.604;1.61;Hyades
0.518;2.47;Hyades
1.05;0.34;Hyades
0.45;4.16;Hyades
0.599;1.64;Hyades
0.378;9.02;Hyades
0.136;38.73;Hyades
0.25;13.64;Hyades
0.049;35.89;Hyades
0.509;5.08;Hyades
0.935;0.66;Hyades
0.68;1.09;Hyades
0.509;2.57;Hyades
0.263;35.71;Hyades
0.557;2.5;Hyades
0.262;32.15;Hyades
0.651;1.14;Hyades
0.841;0.46;AB Doradus
0.664;1.15;Hyades
1.358;0.13;Hyades
1.033;0.37;Hyades
1.146;0.17;Hyades
0.537;2.17;Hyades
0.56;2;Hyades
0.929;0.48;Hyades
0.27;9.46;Hyades
0.839;0.53;Hyades
0.325;11.79;Hyades
0.952;75.65;Hyades
1.014;96.03;Hyades
0.741;0.78;Hyades
0.179;77.23;Hyades
0.609;1.49;Hyades
0.215;19.32;Hyades
0.536;4.73;Hyades
0.526;2.6;Hyades
0.451;3.29;Hyades
0.766;0.77;Hyades
0.831;0.47;Hyades
0.865;0.41;Hyades
0.324;10.18;Hyades
0.47;2.9;Hyades
0.17;19.03;Hyades
0.263;11.7;Hyades
0.258;10.83;Hyades
0.428;3.86;Hyades
0.472;2.72;Hyades
0.734;0.76;Hyades
0.54;1.92;Hyades
0.987;0.37;Hyades
0.338;6.67;Hyades
0.42;4.68;Hyades
1.237;0.11;Hyades
1.197;0.17;Hyades
0.429;3.99;Hyades
0.255;26.86;Hyades
0.847;0.73;Hyades
-0.079;171.4;Tucana / Horologium
0.631;1.33;Hyades
0.433;3.73;Tucana / Horologium
0.442;4.04;Hyades
1.104;0.25;Hyades
0.597;1.56;Hyades
0.312;8.26;Hyades
0.122;36.56;Hyades
0.223;23.28;NGC 1647
0.611;1.17;Tucana / Horologium
0.576;1.75;Hyades
0.655;1.31;Hyades
0.257;14.09;Hyades
0.147;25.93;Hyades
1.073;0.23;Hyades
0.811;0.69;Hyades
1.096;0.43;Hyades
0.688;0.83;Hyades
0.251;12.14;Hyades
0.355;22.29;NGC 1647
0.197;31.28;Hyades
1.499;150.37;NGC 1647
1.277;0.13;Hyades
0.243;6.84;NGC 1647
0.665;1;Hyades
0.56;1.78;Hyades
0.967;0.3;Hyades
1.112;0.27;Hyades
0.72;1;Hyades
1.174;0.16;Hyades
0.538;1.8;Tucana / Horologium
0.843;0.64;Hyades
0.25;4.46;NGC 1647
0.833;0.54;Hyades
1.052;0.49;Hyades
0.578;1.78;Hyades
0.171;48.58;Platais 4
0.623;1.94;Hyades
0.563;3.26;Hyades
0.74;1.41;Hyades
0.536;2.87;Hyades
0.543;3.7;Hyades
0.214;20.18;Hyades
0.527;1.99;Hyades
0.502;4.31;Hyades
1.07;0.21;Hyades
0.731;3.19;Platais 4
0.442;2.97;Tucana / Horologium
0.292;9.77;Hyades
0.539;7.49;Platais 4
0.509;11.27;Platais 4
0.737;0.71;Hyades
0.516;3.64;Hyades
0.275;21.52;Platais 4
1.394;0.12;Beta Pictoris
0.393;29.08;Platais 4
0.45;2.82;Hyades
0.166;27.91;Platais 4
0.12;28.03;Platais 4
0.349;18.03;Platais 4
1.297;0.12;Beta Pictoris
0.957;0.44;Hyades
0.666;0.84;Tucana / Horologium
0.09;21.82;Platais 4
0.1;60.65;Platais 4
-0.047;46.5;Tucana / Horologium
0.109;34.5;Platais 4
0.155;33.28;Hyades
0.765;0.82;Hyades
0.197;18.19;Platais 4
0.336;48.36;Platais 4
1.114;87.22;Platais 4
0.509;2.42;Hyades
0.081;145.91;Platais 4
0.113;142.32;Platais 4
0.73;0.73;Hyades
0.145;90.26;Platais 4
0.852;68.47;Platais 4
0.168;319.01;Platais 4
0.03;518.49;Platais 4
0.306;30.3;Platais 4
0.249;16.67;Hyades
0.311;10.4;Hyades
0.464;2.77;Hyades
0.044;52.58;Platais 4
0.445;3.68;Hyades
0.168;31.1;Platais 4
0.755;48.54;Platais 4
0.221;36.84;Platais 4
-0.099;126.15;Tucana / Horologium
0.162;18.02;Platais 4
0.418;9.61;Platais 4
-0.133;342.07;Orion Molecular Cloud
-0.03;62722.64;Orion Molecular Cloud
0.311;28.91;Orion Molecular Cloud, Collinder 70
0.554;39.59;Platais 4
0.243;14.91;Orion Molecular Cloud, Collinder 70
-0.05;59.71;Orion Molecular Cloud, Collinder 70
0.089;15.88;Orion Molecular Cloud, Collinder 70
-0.117;228.36;Orion Molecular Cloud, Collinder 70
0.015;15.72;Orion Molecular Cloud, Collinder 70
0.008;45.79;Orion Molecular Cloud, ASCC 19, Collinder 70
-0.105;520.48;Orion Molecular Cloud, ASCC 19, Collinder 70
0.055;37.33;Orion Molecular Cloud, Collinder 70
0;28.05;Orion Molecular Cloud, Collinder 70
-0.05;76.23;Orion Molecular Cloud, Collinder 70
0.02;32.06;Orion Molecular Cloud, Collinder 70
0.056;14.9;Orion Molecular Cloud, Collinder 70
0.165;9.11;Orion Molecular Cloud, Collinder 70
0.147;20.78;Orion Molecular Cloud, Collinder 70
0.765;0.8;Hyades
-0.047;370.83;Orion Molecular Cloud, Collinder 70
0.09;25.43;Orion Molecular Cloud, Collinder 70
0.51;2.34;Tucana / Horologium
-0.079;202.4;Orion Molecular Cloud, Collinder 70
-0.125;1229.85;Orion Molecular Cloud, Collinder 70
-0.114;1508.5;Orion Molecular Cloud
-0.168;4042.53;Orion Molecular Cloud, Collinder 70
-0.005;66.15;Orion Molecular Cloud, ASCC 18/20, ASCC 21, Collinder 70
-0.096;2240.37;Orion Molecular Cloud, ASCC 18/20, ASCC 21, Collinder 70, ASCC 16, Briceno 1
-0.111;326.94;Orion Molecular Cloud, ASCC 18/20, ASCC 21, Collinder 70, Briceno 1
0.094;24.33;Orion Molecular Cloud, ASCC 19, Collinder 70
-0.073;89.45;Orion Molecular Cloud, ASCC 18/20, ASCC 21, Collinder 70, ASCC 16, Briceno 1
-0.075;105.5;Orion Molecular Cloud, Collinder 70
-0.02;62.4;Orion Molecular Cloud, ASCC 19, Collinder 70
-0.008;83.14;Orion Molecular Cloud, ASCC 19, Collinder 70
-0.208;2431.21;Orion Molecular Cloud, ASCC 19, Collinder 70
-0.121;177.48;Orion Molecular Cloud, ASCC 18/20, ASCC 21, Collinder 70, Briceno 1
-0.07;71.62;Orion Molecular Cloud, ASCC 18/20, ASCC 21, Collinder 70, ASCC 16
0.186;15.33;Orion Molecular Cloud, ASCC 19, Collinder 70
-0.001;26.14;Tucana / Horologium
-0.24;29476.09;Orion Molecular Cloud, ASCC 19, Collinder 70
1.248;0.12;AB Doradus
-0.145;908.57;Orion Molecular Cloud, Collinder 70, Briceno 1
-0.048;314.87;Orion Molecular Cloud, Collinder 70
0.199;7.93;Orion Molecular Cloud, ASCC 18/20, ASCC 21, Collinder 70, ASCC 16, Briceno 1
-0.2;4752.66;Orion Molecular Cloud, ASCC 18/20, ASCC 21, Collinder 70, ASCC 16, Briceno 1
-0.04;179.64;Orion Molecular Cloud, ASCC 19, Collinder 70
-0.162;769.18;Orion Molecular Cloud, Collinder 70
-0.178;1299.43;Orion Molecular Cloud, ASCC 18/20, ASCC 21, ASCC 19, Collinder 70, ASCC 16, Briceno 1
-0.09;91.62;Orion Molecular Cloud, ASCC 19, Collinder 70
-0.059;70.69;Orion Molecular Cloud, ASCC 18/20, ASCC 21, ASCC 19, Collinder 70
0.111;26.31;Orion Molecular Cloud, ASCC 19, Collinder 70
0.35;9.13;Orion Molecular Cloud, Collinder 70
0.066;13.57;Orion Molecular Cloud, Collinder 70
-0.141;362.68;Orion Molecular Cloud, ASCC 18/20, ASCC 21, Collinder 70, ASCC 16, Briceno 1
-0.163;661.38;Orion Molecular Cloud, ASCC 19, Collinder 70
0.553;1.95;Beta Pictoris
-0.154;608.11;Orion Molecular Cloud, ASCC 18/20, ASCC 21, Collinder 70, ASCC 16, Briceno 1
-0.141;367.79;Orion Molecular Cloud, ASCC 19, Collinder 70
0.111;12.82;Orion Molecular Cloud, Collinder 70
-0.027;114.4;Orion Molecular Cloud, Collinder 70
-0.02;31.27;Orion Molecular Cloud, Collinder 70
-0.061;79.11;Orion Molecular Cloud, ASCC 18/20, ASCC 21, Collinder 70
-0.075;135.34;Orion Molecular Cloud, ASCC 19, Collinder 70
-0.136;248.99;Orion Molecular Cloud, ASCC 19, Collinder 70
-0.087;116.53;Orion Molecular Cloud, ASCC 18/20, ASCC 21, Collinder 70
-0.173;1060.27;Orion Molecular Cloud, ASCC 18/20, ASCC 21, Collinder 70, Briceno 1
0.168;14.43;Orion Molecular Cloud, ASCC 18/20, ASCC 21, Collinder 70
0.035;44.68;Orion Molecular Cloud, ASCC 19, Collinder 70
0.34;20.01;Orion Molecular Cloud, Collinder 70
-0.07;52.8;Orion Molecular Cloud, ASCC 19, Collinder 70
-0.026;27.67;Orion Molecular Cloud, Collinder 70
0.83;0.42;AB Doradus
-0.152;507.48;Orion Molecular Cloud, ASCC 18/20, ASCC 21, Collinder 70, ASCC 16, Briceno 1
-0.077;251.97;Orion Molecular Cloud, ASCC 18/20, ASCC 21, Collinder 70, ASCC 16, Briceno 1
-0.093;98.96;Orion Molecular Cloud, Collinder 70
-0.041;102.18;Orion Molecular Cloud, Collinder 70, Running Man
0.646;1.89;Tucana / Horologium
-0.112;534.5;Orion Molecular Cloud, Collinder 70
0.137;22.9;Orion Molecular Cloud, Collinder 70
-0.192;2481.13;Orion Molecular Cloud, ASCC 18/20, ASCC 21, Collinder 70, ASCC 16, Briceno 1
-0.11;97.86;Orion Molecular Cloud, ASCC 18/20, ASCC 21, Collinder 70
-0.052;128.43;Orion Molecular Cloud, ASCC 19, Collinder 70
-0.062;53.95;Orion Molecular Cloud, Collinder 70
-0.194;1920.85;Orion Molecular Cloud, Collinder 70
-0.061;82.69;Orion Molecular Cloud, Collinder 70
0.082;38.64;Orion Molecular Cloud, Collinder 70
0.071;57.7;Orion Molecular Cloud, Collinder 70, NGC 1980
-0.099;175.38;Orion Molecular Cloud, Collinder 69
0.507;16.67;Orion Molecular Cloud, Collinder 70, Running Man, Orion Nebula
-0.143;213.44;Orion Molecular Cloud, Collinder 70
0.746;19.32;Orion Molecular Cloud, Collinder 70, Running Man, Orion Nebula, NGC 1980
0.122;7.61;Orion Molecular Cloud, Collinder 69
-0.178;1737.66;Orion Molecular Cloud, Collinder 70, Running Man, Orion Nebula, NGC 1980
0.079;64.92;Orion Molecular Cloud, Collinder 70
-0.129;204.73;Orion Molecular Cloud, ASCC 18/20, ASCC 21, Collinder 70
-0.122;189.11;Orion Molecular Cloud, ASCC 18/20, ASCC 21, Collinder 70
-0.108;198.84;Orion Molecular Cloud, Collinder 70, Running Man, Orion Nebula, NGC 1980
1.308;524.21;Orion Molecular Cloud, Collinder 70
0.018;18.71;Orion Molecular Cloud, Collinder 70, Running Man
0.401;9.14;Orion Molecular Cloud, Collinder 70
-0.175;39340.14;Orion Molecular Cloud, ASCC 18/20, ASCC 21, ASCC 19, Collinder 70
-0.083;228.87;Orion Molecular Cloud, Collinder 70, Running Man, Orion Nebula, NGC 1980
0.047;68.09;Orion Molecular Cloud, Collinder 70, Running Man, Orion Nebula, NGC 1980
0.02;20.57;Orion Molecular Cloud, Collinder 70
-0.084;92.24;Orion Molecular Cloud, Collinder 70, Orion Nebula, NGC 1980
-0.001;52.81;Orion Molecular Cloud, Collinder 69
-0.07;56.85;Orion Molecular Cloud, ASCC 18/20, ASCC 21, Collinder 70
-0.188;3288.22;Orion Molecular Cloud, Collinder 70
-0.006;169.49;Orion Molecular Cloud, Collinder 70, Orion Nebula, NGC 1980
-0.033;79.83;Orion Molecular Cloud, Collinder 70
-0.1;44.28;Orion Molecular Cloud, Collinder 70
-0.039;64.64;Orion Molecular Cloud, Collinder 70, Running Man, Orion Nebula, NGC 1980
-0.1;181.02;Orion Molecular Cloud, ASCC 18/20, ASCC 21, Collinder 70
0.008;43.69;Orion Molecular Cloud, Collinder 70
-0.109;108.78;Orion Molecular Cloud, ASCC 18/20, ASCC 21, Collinder 70
0.031;26.9;Orion Molecular Cloud, ASCC 18/20, ASCC 21, Collinder 70
-0.175;3001.92;Orion Molecular Cloud, Collinder 70
0.99;0.63;Beta Pictoris
-0.039;61.86;Orion Molecular Cloud, Collinder 70
-0.174;857.46;Orion Molecular Cloud, ASCC 18/20, ASCC 21, Collinder 70
-0.16;943.15;Orion Molecular Cloud, Collinder 70
0.074;56.7;Orion Molecular Cloud, Collinder 70, Running Man, Orion Nebula, NGC 1980
-0.158;609.95;Orion Molecular Cloud, Collinder 70
0.002;77.01;Orion Molecular Cloud, Collinder 70
-0.058;52.47;Orion Molecular Cloud, Collinder 70
-0.012;27.18;Orion Molecular Cloud, Collinder 70, Running Man, Orion Nebula, NGC 1980
-0.009;42.32;Orion Molecular Cloud, Collinder 70
0.017;51.48;Orion Molecular Cloud, Collinder 70
-0.157;5346.45;Orion Molecular Cloud, Collinder 69
-0.228;5360.63;Orion Molecular Cloud, Collinder 70, NGC 1981, Running Man, Orion Nebula, NGC 1980
-0.248;12013.46;Orion Molecular Cloud, Collinder 70, NGC 1981, Running Man, Orion Nebula, NGC 1980
-0.16;13338.2;Orion Molecular Cloud, Collinder 69
-0.116;217.26;Orion Molecular Cloud, ASCC 18/20, ASCC 21, ASCC 19, Collinder 70
-0.133;624.61;Orion Molecular Cloud, Collinder 69
-0.107;334.64;Orion Molecular Cloud, Collinder 70
-0.051;66.23;Orion Molecular Cloud, Collinder 70
0.08;692.87;NGC 1980
-0.142;676.85;Orion Molecular Cloud, Collinder 70, NGC 1981, Running Man, Orion Nebula, NGC 1980
-0.148;934.41;Orion Molecular Cloud, Collinder 70, NGC 1981, Orion Nebula, NGC 1980
-0.097;3604.47;NGC 1981, Orion Nebula
-0.21;59920.97;Orion Molecular Cloud, Collinder 70, NGC 1981, Running Man, Orion Nebula, NGC 1980
0.184;234.1;Orion Molecular Cloud, Collinder 70, NGC 1981, Running Man, Orion Nebula, NGC 1980
-0.122;731.48;Orion Molecular Cloud, ASCC 19, Collinder 70, Sigma Orionis, Running Man, Orion Nebula
0.014;23.78;Orion Molecular Cloud, ASCC 19, Collinder 70, Sigma Orionis, NGC 1981, Running Man, Orion Nebula, NGC 1980
-0.058;68.88;Orion Molecular Cloud, ASCC 19, Collinder 70, Sigma Orionis, Running Man, Orion Nebula
0.02;44.13;Orion Molecular Cloud, Collinder 70
0.151;7.3;Tucana / Horologium
-0.184;112138.15;Orion Molecular Cloud, ASCC 19, Collinder 70, Sigma Orionis
0.01;49.96;Orion Molecular Cloud, ASCC 19, Collinder 70, Sigma Orionis
-0.18;914.04;Orion Molecular Cloud, Collinder 70, Running Man, Orion Nebula, NGC 1980
-0.092;126.27;Orion Molecular Cloud, ASCC 19, Collinder 70
0.242;13.71;Orion Molecular Cloud, Collinder 70
-0.056;149.45;Orion Molecular Cloud, Collinder 70
0.944;112.09;Collinder 69
-0.212;3359.84;Orion Molecular Cloud, Collinder 70, NGC 1981, Running Man, Orion Nebula, NGC 1980
1.171;0.1;AB Doradus
0.845;0.44;AB Doradus
0.237;12.25;Hyades
0.051;12.84;Tucana / Horologium
0.276;29.2;NGC 1980
-0.102;182.47;Orion Molecular Cloud, ASCC 19, Collinder 70, Sigma Orionis
-0.17;1209.42;Orion Molecular Cloud, Collinder 69
-0.21;2084.23;Orion Molecular Cloud, Collinder 70, NGC 1981, Running Man, Orion Nebula, NGC 1980
-0.079;86.72;Orion Molecular Cloud, Collinder 70
0.206;9.58;Orion Molecular Cloud, Collinder 70
-0.095;322.29;Orion Molecular Cloud, ASCC 19, Collinder 70, Sigma Orionis
-0.161;500.18;Orion Molecular Cloud, Collinder 70, NGC 1981, Running Man, Orion Nebula, NGC 1980
0.404;3.55;Tucana / Horologium
-0.125;196.21;Orion Molecular Cloud, ASCC 19, Collinder 70
0.332;19.48;Orion Molecular Cloud, Collinder 70
0.474;8.33;Orion Molecular Cloud, Collinder 70
-0.081;201.85;Orion Molecular Cloud, Collinder 70
-0.029;563.25;Orion Molecular Cloud, Collinder 70, NGC 1981, Orion Nebula, NGC 1980
-0.13;130.81;Orion Molecular Cloud, Collinder 70
-0.152;630.61;Orion Molecular Cloud, ASCC 19, Collinder 70, Sigma Orionis
-0.024;52.33;Orion Molecular Cloud, Collinder 70, Sigma Orionis
0.035;56.57;Orion Molecular Cloud, Collinder 70
-0.216;2509.45;Orion Molecular Cloud, Collinder 70, Running Man, Orion Nebula, NGC 1980
-0.19;8288.02;Orion Molecular Cloud, Collinder 70, Sigma Orionis
0.009;25.03;Orion Molecular Cloud, Collinder 70
-0.08;96.36;Orion Molecular Cloud, ASCC 19, Collinder 70, Sigma Orionis
-0.12;213.95;Orion Molecular Cloud, Collinder 70, Running Man, Orion Nebula, NGC 1980
-0.098;3410.45;Orion Molecular Cloud, ASCC 21, Collinder 70
-0.065;71.17;Orion Molecular Cloud, Collinder 70
-0.122;177.79;Orion Molecular Cloud, Collinder 70
-0.009;27.34;Orion Molecular Cloud, Collinder 70, Running Man, Orion Nebula, NGC 1980
0.588;190.61;Orion Molecular Cloud, Collinder 70
-0.074;140.8;Orion Molecular Cloud, Collinder 70
0.401;5.77;Orion Molecular Cloud, Collinder 70
-0.117;280.61;Orion Molecular Cloud, Collinder 70
1.223;53.41;Orion Molecular Cloud, Collinder 70
-0.091;142.9;Orion Molecular Cloud, Collinder 70, Running Man, Orion Nebula, NGC 1980
-0.194;1589.74;Orion Molecular Cloud, Collinder 70, Sigma Orionis, Running Man
0.025;25.88;Orion Molecular Cloud, Collinder 70, Sigma Orionis
-0.199;78179.8;Orion Molecular Cloud, Collinder 70
-0.127;279.32;Orion Molecular Cloud
-0.197;4353.05;Orion Molecular Cloud, Collinder 70
-0.139;405.68;Orion Molecular Cloud, Collinder 70, Sigma Orionis
0.025;89.83;Orion Molecular Cloud, Collinder 70, Sigma Orionis
-0.105;129.72;Orion Molecular Cloud, Collinder 70
-0.111;210.19;Orion Molecular Cloud, Collinder 70, Running Man
0.077;78.94;Orion Molecular Cloud, Collinder 70
0.171;14.58;Orion Molecular Cloud, Collinder 70
-0.014;29.95;Tucana / Horologium
0.586;1.58;Tucana / Horologium
0.26;30.25;Orion Molecular Cloud, ASCC 19, Collinder 70
0.253;27.3;Orion Molecular Cloud, Collinder 70
0.055;34.94;Orion Molecular Cloud, Collinder 70
0.341;16.21;Orion Molecular Cloud, Collinder 70
-0.027;63.6;Orion Molecular Cloud, Collinder 70
0.104;15.12;Beta Pictoris
0.171;9.08;Beta Pictoris
1.453;491.69;Orion Molecular Cloud, Collinder 70
-0.195;2538.98;Orion Molecular Cloud
0.492;2.77;Tucana / Horologium
0.702;0.61;Tucana / Horologium
0.963;0.18;Beta Pictoris
0.861;0.51;Tucana / Horologium
0.614;1.26;AB Doradus
1.018;356.14;NGC 2232
-0.151;884.65;NGC 2232
-0.155;588.45;NGC 2232
-0.077;102.86;NGC 2232
-0.059;71.98;NGC 2232
-0.175;2793.85;NGC 2232
-0.137;126.78;NGC 2232
-0.079;140.26;NGC 2232
-0.009;24.92;NGC 2232
-0.139;250.76;NGC 2232
0.396;142.25;Christmas tree
0.624;1.49;AB Doradus
0.33;21.63;Christmas tree
0.095;40.3;Christmas tree
1.257;0.1;AB Doradus
-0.126;127.28;Christmas tree
-0.143;264.08;Christmas tree
-0.092;98.78;Christmas tree
-0.162;378.02;Christmas tree
-0.143;469.16;Christmas tree
-0.133;110.02;Christmas tree
0.699;0.85;Tucana / Horologium
-0.043;151.9;M 41
1.271;514.32;M 41
1.508;1261;M 41
-0.043;93.06;M 41
1.144;316.36;M 41
0.568;330.39;M 41
0.46;2.94;Tucana / Horologium
-0.065;154.21;M 41
1.151;329.17;M 41
-0.134;4498.4;ASCC 29
-0.027;166.34;ASCC 29
-0.042;254.25;ASCC 29
0.081;117.36;ASCC 29
-0.009;37.35;ASCC 29
0.52;1035.9;ASCC 29
0.033;146.25;ASCC 29
0.03;272.12;ASCC 29
1.241;696.03;ASCC 29
-0.035;326.21;ASCC 29
-0.032;353.05;ASCC 29
0.487;1866.67;ASCC 29
0.913;396.16;ASCC 29
0.038;253.58;ASCC 29
-0.012;346.38;ASCC 29
0.908;0.35;Tucana / Horologium
-0.01;35.63;Collinder 132
0.291;10.03;Collinder 135
-0.179;1880.75;Collinder 135
-0.174;981.66;Collinder 132
-0.049;44.95;Collinder 135
-0.145;611.15;Collinder 135
-0.068;59.14;Collinder 132
-0.172;1825.19;Collinder 132
-0.183;2650.86;Collinder 132
-0.063;87.04;Collinder 132
-0.149;423.76;Collinder 132
-0.005;21.42;Collinder 135
-0.085;97.92;Collinder 135
-0.183;1207.76;Collinder 132
-0.161;1459.87;Collinder 135
-0.03;46.27;Collinder 135
-0.099;1264.51;Collinder 135
-0.17;1360.48;Collinder 135
-0.026;30.35;Collinder 140
-0.085;48.63;Collinder 135
-0.05;49.55;Collinder 135
0.03;25.46;Collinder 140
-0.02;47.34;Collinder 140
-0.171;813.72;Collinder 140
-0.161;2707.86;Collinder 140
-0.092;109.89;Collinder 140
-0.169;2656.22;Collinder 140
-0.016;28.43;Collinder 140
-0.075;73.49;Collinder 140
-0.176;1261.58;Collinder 140
0;30.82;Collinder 140
1.442;0.05;AB Doradus
-0.185;2285.52;Collinder 140
-0.148;481.63;NGC 2451A
1.436;80.72;NGC 2451A
-0.119;227;Collinder 135
0.185;10.55;NGC 2451A
1.362;3526.02;NGC 2422
-0.071;173.88;NGC 2451B
-0.037;119.34;NGC 2422
-0.067;1101.59;NGC 2422
-0.06;298.12;NGC 2422
0.024;45.46;NGC 2422
-0.05;386.53;NGC 2422
-0.058;121.48;NGC 2422
-0.018;406.45;NGC 2422
-0.047;258.67;NGC 2451B
-0.148;1129.84;NGC 2451B
-0.189;1198.9;NGC 2451A
-0.125;315.89;NGC 2451A
-0.071;740.94;NGC 2451B
-0.039;90.49;NGC 2451B
-0.13;433;NGC 2451A
-0.087;116.33;NGC 2451A
-0.075;62.82;NGC 2451A
-0.107;165.33;NGC 2451B
0.155;55.81;NGC 2451B
1.026;234.09;NGC 2451B
-0.13;375.25;NGC 2451A
-0.07;52.95;NGC 2451B
-0.119;167.25;NGC 2451A
-0.01;30.12;NGC 2451B
-0.057;41.32;NGC 2451A
-0.032;60.2;NGC 2451B
-0.115;278.7;NGC 2451A
-0.099;409.63;NGC 2451B
1.504;309.42;NGC 2451B
-0.027;52.29;NGC 2451A
-0.065;74.32;NGC 2451A
-0.111;262.75;NGC 2451A
0.034;73.87;Diamond Cluster
-0.142;230.59;NGC 2451A
-0.112;1749.28;NGC 2451B
-0.151;629.18;NGC 2451B
1.239;488.06;Diamond Cluster
-0.01;39.77;NGC 2451B
-0.072;56.31;NGC 2451A
0.008;173.08;Diamond Cluster
0.078;96.26;Diamond Cluster
1.161;949.29;NGC 2451B
0.004;108.94;Diamond Cluster
0.012;36.57;NGC 2451B
0.035;76.31;Diamond Cluster
0.07;53.16;NGC 2547
0.019;41.11;Diamond Cluster
0.001;301.3;Diamond Cluster
1.554;2189.92;Diamond Cluster
-0.126;450.77;Pozzo 1
-0.009;270.65;Diamond Cluster
-0.18;7587.56;NGC 2547
0;292.7;Diamond Cluster
-0.082;1029.76;Diamond Cluster
-0.05;518.94;Diamond Cluster
-0.085;542.87;Pozzo 1
-0.113;404.46;Pozzo 1
0.49;7.43;NGC 2451A
-0.11;364.73;NGC 2547, Pozzo 1
-0.024;72.77;NGC 2547, Pozzo 1
0.014;218.19;NGC 2547
-0.061;129.08;Pozzo 1
0.257;58.83;NGC 2451A
-0.152;898.79;NGC 2547, Pozzo 1
-0.037;44.92;NGC 2547, Pozzo 1
1.01;253.98;Pozzo 1
1.213;1053.41;NGC 2547
-0.015;86.21;Pozzo 1
-0.05;67.19;Pozzo 1
-0.07;90.43;Pozzo 1
-0.138;1541.12;Pozzo 1
-0.138;593.16;Pozzo 1
-0.085;132.67;Pozzo 1
-0.063;98.41;Vel OB2, NGC 2547
1.488;4080.11;Pozzo 1
-0.172;1251.12;Vel OB2, NGC 2547, Pozzo 1
-0.02;97.23;Vel OB2, NGC 2547
-0.058;170.43;Vel OB2, NGC 2547, Pozzo 1
-0.016;134.9;Diamond Cluster
-0.083;90.82;Pozzo 1
-0.054;837.16;BH 23
-0.101;119.59;Vel OB2, NGC 2547, Pozzo 1
-0.031;196.58;Diamond Cluster
-0.013;86.43;Vel OB2
-0.101;1422.05;NGC 2547
-0.145;64399.63;Vel OB2, Pozzo 1
1.142;175.02;BH 23
-0.199;4182.83;Vel OB2, Pozzo 1
-0.002;82.77;Vel OB2, NGC 2547, NGC 2547 core
-0.133;348.97;Vel OB2, NGC 2547, NGC 2547 core
-0.14;828.86;Vel OB2, NGC 2547, NGC 2547 core
-0.085;151.71;Vel OB2, NGC 2547, NGC 2547 core
-0.085;390.28;BH 23
-0.1;160.21;Vel OB2, NGC 2547, NGC 2547 core
-0.045;770.4;BH 23
1.212;139.74;BH 23
-0.093;162.09;Pozzo 1
0.009;90.55;BH 23
0.626;929.98;Pozzo 1
0.979;71.18;NGC 2547
0.06;50.03;BH 23
0.57;63.83;vdBergh-Hagen 23, BH 23
-0.095;482.7;vdBergh-Hagen 23, BH 23
-0.113;1172.83;Pozzo 1
-0.129;207.47;vdBergh-Hagen 23, BH 23
0.04;153.58;NGC 2548
0.07;244.98;NGC 2548
-0.12;254.99;vdBergh-Hagen 23, BH 23
0.078;196.57;BH 23
-0.143;316.83;vdBergh-Hagen 23, BH 23
-0.11;2465.91;vdBergh-Hagen 23, BH 23
-0.139;3158.37;Pozzo 1
0.07;196.6;NGC 2548
-0.034;93.47;Pozzo 1
-0.184;3647.73;vdBergh-Hagen 23, BH 23
-0.185;1435.55;vdBergh-Hagen 23, BH 23
-0.104;289.2;vdBergh-Hagen 23, BH 23
-0.062;118.82;NGC 2547
1.14;637.71;NGC 2548
-0.042;60.97;NGC 2547
-0.176;2258.86;Pozzo 1
1.04;176.43;NGC 2548
0.01;47.59;NGC 2547
1.268;77.14;BH 23
-0.149;1116.01;Pozzo 1
-0.056;128.85;NGC 2547
-0.104;217.05;vdBergh-Hagen 23, BH 23
1.549;1250.99;vdBergh-Hagen 23, BH 23
-0.137;336.1;vdBergh-Hagen 23, BH 23
0.948;32.51;Praesepe
-0.116;533.11;Pozzo 1
0.023;68.49;BH 23
0.294;9.24;Praesepe
0.572;5;Praesepe
0.425;338.11;BH 23
0.978;37.33;Praesepe
-0.044;92.78;Pozzo 1
-0.187;6096.02;BH 23
0.567;3.97;Praesepe
-0.108;123.1;Omicron Velorum
0.456;3.2;Praesepe
0.421;3.03;Praesepe
0.562;1.66;Praesepe
0.687;1;Praesepe
-0.109;70.69;Omicron Velorum
0.681;77.23;Praesepe
0.155;27.6;Praesepe
0.142;27.47;Praesepe
0.04;12.01;Omicron Velorum
0.314;10.34;Praesepe
0.085;17.32;Omicron Velorum
0.237;13.87;Praesepe
0.193;58.29;Praesepe
0.076;20.23;Omicron Velorum
-0.1;108.05;Omicron Velorum
0.56;2.31;Praesepe
0.22;9.41;Omicron Velorum
-0.132;352.93;Omicron Velorum
0.248;59.31;Praesepe
0.956;98.77;Praesepe
-0.147;491.28;Omicron Velorum
0.98;110.11;Praesepe
0.395;5.15;Praesepe
0.006;73.68;Praesepe
-0.125;298.14;Omicron Velorum
-0.168;2548.84;Omicron Velorum
0.271;51.11;Praesepe
1.02;116.4;Praesepe
0.17;83.5;Praesepe
0.202;49.42;Praesepe
-0.148;2389.51;IC 2395
0.169;53.05;Praesepe
-0.186;9053.9;IC 2395
0.959;70.14;Praesepe
-0.073;445;IC 2395
0.015;29.46;Omicron Velorum
0.21;17.69;Praesepe
0.435;4.11;Omicron Velorum
-0.127;319.71;Omicron Velorum
-0.173;899.9;Omicron Velorum
-0.161;2202.63;IC 2395
0.297;7.55;Praesepe
-0.05;213.14;IC 2395
1.08;31.85;Omicron Velorum
0.097;16.56;Omicron Velorum
0.79;313.38;IC 2395
0.968;14.78;Praesepe
-0.054;59.05;Trumpler 10
0.285;11.63;Praesepe
0.551;1.54;Praesepe
0.312;10.17;Praesepe
0.351;2.94;Praesepe
0.244;16.74;Praesepe
0.054;171.65;IC 2395
0.244;13.02;Praesepe
0.265;13.24;Praesepe
-0.059;61.73;Trumpler 10
0.18;19.4;Omicron Velorum
0.23;13.24;Praesepe
0.356;5.6;Praesepe
-0.057;60.08;Trumpler 10
-0.12;605.89;Trumpler 10
-0.12;370.16;Trumpler 10
-0.097;123.1;Omicron Velorum
0.572;1.64;Praesepe
-0.178;1273.3;Trumpler 10
-0.134;363.28;Trumpler 10
0.131;14.63;Omicron Velorum
-0.15;1035.59;Trumpler 10
-0.051;152.22;Platais 9
-0.113;234.61;Platais 9
-0.137;530;Platais 9
0.068;8.58;Platais 9
0.093;18.99;Platais 9
0.042;19.26;Platais 9
-0.074;711.26;Lower Centaurus Crux
0.006;31.42;Southern Pleiades
0.007;22.52;Southern Pleiades
0.468;7824.46;Ruprecht 89
0.474;72888.61;Ruprecht 89
0.206;8.64;Southern Pleiades
-0.02;54.62;BH 99
0.317;4927.74;BH 99
0.02;30.74;BH 99
1.035;2695.67;Ruprecht 89
0.408;3.67;Southern Pleiades
1.507;0.02;AB Doradus
-0.057;101.61;BH 99
-0.089;1497.21;Southern Pleiades
-0.11;346.28;BH 99
0.29;20935.84;Ruprecht 89
0.636;3109.45;Ruprecht 89
0.325;18789.14;Ruprecht 89
-0.038;3929.45;Ruprecht 89
0.047;26.2;Southern Pleiades
0.243;8.82;Southern Pleiades
0.349;5.04;Ursa Major
0.042;11974.17;Ruprecht 89
0.009;15102.14;Ruprecht 89
-0.104;510.46;BH 99
-0.094;347.58;BH 99
0.5;34353.56;Ruprecht 89
-0.128;1546.56;BH 99
-0.075;63.52;Southern Pleiades
0.775;2581.69;Ruprecht 89
1.562;8619.49;BH 99
-0.098;763.57;BH 99
0.023;34.27;Southern Pleiades
0.045;19.11;Southern Pleiades
-0.072;86.48;Southern Pleiades
0.444;5.55;Southern Pleiades
-0.158;338.1;Southern Pleiades
-0.023;44.71;Southern Pleiades
0.947;12245.36;Ruprecht 89
-0.049;51.61;Southern Pleiades
-0.072;119.63;BH 99
0;29.76;Southern Pleiades
0.267;1258.43;Ruprecht 89
0.21;14.61;Lower Centaurus Crux, Southern Pleiades
-0.139;537.99;Southern Pleiades
-0.036;140.33;BH 99
0.213;36982.01;Ruprecht 89
0.349;1551.57;Ruprecht 89
-0.22;7499.64;Southern Pleiades
0.726;74.4;BH 99
-0.011;480.5;BH 99
-0.134;535.13;Southern Pleiades
0.027;73.27;BH 99
0.145;5959.84;Ruprecht 89
-0.059;311.04;BH 99
-0.096;243.9;Southern Pleiades
-0.077;238.02;Southern Pleiades
-0.149;539.96;Southern Pleiades
0.15;8429.91;Ruprecht 89
0.008;56.3;Southern Pleiades
0.09;81.08;BH 99
0.171;10.05;Southern Pleiades
0.08;245.56;BH 99
0.106;15.37;Southern Pleiades
-0.064;60.57;Lower Centaurus Crux
0.033;63.99;Ursa Major
0.065;19.34;Southern Pleiades
0.43;3.86;Southern Pleiades
0.313;256.73;NGC 3532
0.998;180.69;NGC 3532
0.01;28.45;Southern Pleiades
-0.03;87.44;NGC 3532
-0.012;69.54;NGC 3532
0.043;23.51;Lower Centaurus Crux
-0.001;36.84;NGC 3532
-0.137;751.55;NGC 3532
1.21;1014.51;NGC 3532
-0.026;149.8;NGC 3532
0.013;188.82;NGC 3532
0.502;3.46;Lower Centaurus Crux
0.167;9.09;Lower Centaurus Crux
-0.157;782.73;Lower Centaurus Crux
0.324;9.18;Lower Centaurus Crux
0.009;19.46;Lower Centaurus Crux
0.391;4.44;
0.157;8.25;Lower Centaurus Crux
1.02;12.32;
0.681;0.74;AB Doradus
0.19;5.83;Lower Centaurus Crux
-0.027;43.94;Lower Centaurus Crux
0.401;3.96;Lower Centaurus Crux
0.044;64.25;Ursa Major
0.391;8.21;Lower Centaurus Crux
0.404;3.39;Lower Centaurus Crux
0.443;3.45;Lower Centaurus Crux
0.214;20.95;Feigelson 1
0.226;10.49;Lower Centaurus Crux
-0.081;59.86;Lower Centaurus Crux
0.173;16.54;Lower Centaurus Crux
-0.054;166.51;Feigelson 1
1.208;0.61;Feigelson 1
0.241;24.08;Feigelson 1
1.1;7.03;
0.484;3.93;Lower Centaurus Crux
0.043;19.73;Feigelson 1, Lower Centaurus Crux
-0.08;65.92;Lower Centaurus Crux
-0.046;40.88;Lower Centaurus Crux
1.055;26.32;
0.416;4.74;Lower Centaurus Crux
0.631;3.01;Lower Centaurus Crux
0.36;7.54;Coma
-0.128;2764.91;Lower Centaurus Crux
0.532;4.6;Lower Centaurus Crux
0.163;9.95;Lower Centaurus Crux
0.405;3.97;
0.123;29.77;Coma
0.117;12.5;Lower Centaurus Crux
0.624;1.33;Coma
0.252;9.89;Lower Centaurus Crux
0.426;4.52;Lower Centaurus Crux
1.277;0.12;Ursa Major
0.097;14;Lower Centaurus Crux
0.332;4.47;Lower Centaurus Crux
0.397;4.5;Coma
0.425;3.33;Lower Centaurus Crux
0.542;2.04;Lower Centaurus Crux
0.077;25.03;Ursa Major
0.408;4.78;Coma
0.365;5.81;Coma
0.458;5.67;Lower Centaurus Crux
0.237;15.1;Coma
0.523;2.1;Coma
0.513;2.52;Coma
0.18;19.01;Coma
0.177;22.45;Coma
0.576;2;Coma
0.183;19.34;Coma
0.56;1.65;Coma
0.387;4.66;Lower Centaurus Crux
0.286;8.02;Coma
0.586;1.51;Coma
0.463;3.41;Coma
0.47;2.86;Coma
0.49;2.17;Lower Centaurus Crux
0.515;95.08;Coma
0.551;1.83;Coma
0.448;3.39;Coma
0.146;9.19;Lower Centaurus Crux
0.244;15.8;Coma
0.414;3.44;Lower Centaurus Crux
0.082;60.93;Coma
0.276;20.17;Coma
-0.001;19.04;Lower Centaurus Crux
0.32;4.68;Lower Centaurus Crux
0.534;4.58;Coma
0.449;3.5;Coma
1.097;15.63;
0.277;76.01;Coma
-0.141;483.06;Lower Centaurus Crux
-0.243;30302.96;Lower Centaurus Crux
0.088;75.54;Coma
0.18;14.42;Coma
-0.192;1513.93;Lower Centaurus Crux
0.022;34.31;Lower Centaurus Crux
-0.073;158.25;Lower Centaurus Crux
0.215;17.57;Coma
0.729;2.25;Lower Centaurus Crux
0.518;2.94;Lower Centaurus Crux
0.056;48.74;Coma
0.477;2.87;Coma
0.504;5.38;Lower Centaurus Crux
0.941;0.42;Ursa Major
0.35;7.15;Coma
0.63;1.01;Coma
-0.024;47.16;Lower Centaurus Crux
0.101;16.55;Lower Centaurus Crux
0.114;23.06;Coma
0.57;2.08;Coma
0.95;0.33;Ursa Major
0.15;16.87;Lower Centaurus Crux
0.377;6.27;Lower Centaurus Crux
0.148;6.07;Lower Centaurus Crux
0.955;0.31;Ursa Major
0.345;5.08;Lower Centaurus Crux
-0.074;73.59;Lower Centaurus Crux
0.408;4.12;Lower Centaurus Crux
0.445;2.91;Lower Centaurus Crux
0.53;1.52;
0.229;5.92;
0.589;3.15;Coma
0.454;3.16;Lower Centaurus Crux
0.261;20.79;Lower Centaurus Crux
0.796;2.52;Lower Centaurus Crux
0.467;2.43;Ursa Major
0.502;2.72;Lower Centaurus Crux
-0.031;182.13;Lower Centaurus Crux
0.681;89.49;Coma
0.546;2.02;Coma
-0.022;136.57;Ursa Major
0.477;1.77;
-0.089;204.74;Lower Centaurus Crux
-0.153;464.98;Lower Centaurus Crux
0.383;5.32;Lower Centaurus Crux
-0.042;41.41;Lower Centaurus Crux
0.083;20.69;Lower Centaurus Crux
0.351;3.96;Lower Centaurus Crux
0.489;3.82;Lower Centaurus Crux
0.413;3.64;Lower Centaurus Crux
1;2.08;
0.451;4.2;Coma
0.368;5.75;Ursa Major
0.447;2.39;Lower Centaurus Crux
0.404;5.36;Lower Centaurus Crux
-0.148;405.52;Lower Centaurus Crux
0.405;12.46;Lower Centaurus Crux
0.54;3.14;Lower Centaurus Crux
0.445;3.38;Lower Centaurus Crux
0.623;1.08;Coma
0.436;4.26;Lower Centaurus Crux
-0.073;261.12;Lower Centaurus Crux
-0.011;56.65;Lower Centaurus Crux
0.603;1.13;Ursa Major
0.456;5.53;Lower Centaurus Crux
-0.018;30.93;Lower Centaurus Crux
-0.006;31.08;Lower Centaurus Crux
0.398;5.12;Lower Centaurus Crux
0.264;5.25;Lower Centaurus Crux
-0.125;187.86;Lower Centaurus Crux
0.227;15.47;Lower Centaurus Crux
-0.141;399.15;Lower Centaurus Crux
1.262;0.13;Ursa Major
0.057;65.67;Ursa Major
0.064;21.67;Lower Centaurus Crux
0.093;12.85;Lower Centaurus Crux
0.09;37.58;Coma
0.169;13.29;Ursa Major
0.557;1.74;Coma
0.08;26.59;Lower Centaurus Crux
0.498;6.19;Lower Centaurus Crux
0.006;20.03;Lower Centaurus Crux
0.068;25.02;Lower Centaurus Crux
0.191;11.45;Lower Centaurus Crux, Upper Centaurus Lupus
-0.11;110;Lower Centaurus Crux, Upper Centaurus Lupus
0.52;0.95;
0.101;12.99;Lower Centaurus Crux
-0.003;19.56;Lower Centaurus Crux
0.053;30.72;Lower Centaurus Crux, Upper Centaurus Lupus
0.18;12.59;Lower Centaurus Crux, Upper Centaurus Lupus
-0.106;60.04;Lower Centaurus Crux, Upper Centaurus Lupus
0.401;3.04;Lower Centaurus Crux
0.116;25.11;Lower Centaurus Crux
0.474;8.9;Lower Centaurus Crux
0.52;3.71;Lower Centaurus Crux
0.377;4.3;Lower Centaurus Crux, Upper Centaurus Lupus
0.592;2.25;Lower Centaurus Crux
0.427;3.8;Lower Centaurus Crux, Upper Centaurus Lupus
-0.208;1883.53;Lower Centaurus Crux
0.724;1.63;Lower Centaurus Crux
0.489;5.22;Lower Centaurus Crux, Upper Centaurus Lupus
-0.231;45273.9;Lower Centaurus Crux
0.125;9.32;Lower Centaurus Crux, Upper Centaurus Lupus
0.411;5.28;Upper Centaurus Lupus
-0.185;1064.11;Upper Centaurus Lupus
0.233;19.64;Lower Centaurus Crux
0.807;0.78;Upper Centaurus Lupus
0.26;7.37;Upper Centaurus Lupus
-0.157;2432.97;Lower Centaurus Crux
0.205;8.65;Upper Centaurus Lupus
-0.157;637.01;Upper Centaurus Lupus
0.256;12.15;Beta Pictoris
0.129;22.33;Upper Centaurus Lupus
0.062;27.76;Upper Centaurus Lupus
0.192;8.58;Upper Centaurus Lupus
-0.026;25.76;Upper Centaurus Lupus
-0.113;105.46;Upper Centaurus Lupus
0.511;3.09;Upper Centaurus Lupus
0.469;2.54;Upper Centaurus Lupus
0.079;18.25;Upper Centaurus Lupus
-0.062;51.2;Upper Centaurus Lupus
-0.155;916.24;Upper Centaurus Lupus
0.122;8.52;Upper Centaurus Lupus
-0.15;243.8;Upper Centaurus Lupus
0.437;5.3;Upper Centaurus Lupus
0.446;6.04;Upper Centaurus Lupus
-0.017;34.3;Upper Centaurus Lupus
0.817;0.85;Beta Pictoris
0.413;3.56;Beta Pictoris
0.478;3.27;Upper Centaurus Lupus
0.462;2.61;Upper Scorpius
-0.014;125.17;Upper Scorpius
0.739;2.63;Upper Scorpius
0.396;7.96;Upper Scorpius
0.315;9.37;Beta Pictoris
0.383;4.5;Upper Scorpius
0.474;4.32;Upper Centaurus Lupus
-0.011;26.28;Upper Scorpius
0.14;11.84;Upper Centaurus Lupus
0.663;3.01;Upper Scorpius
0.574;2.53;Upper Scorpius
0.222;6.28;Upper Centaurus Lupus
-0.146;356.99;Upper Centaurus Lupus
0.122;11.4;Upper Scorpius
0.084;14.04;Upper Scorpius
0.173;13.39;Upper Scorpius
0.397;9;Upper Scorpius
0.205;11.88;Upper Scorpius
0.189;13.12;Upper Scorpius
0.654;4.58;Upper Scorpius
0.392;5.55;Upper Scorpius
0.501;3.31;Upper Scorpius
0.19;34.35;Upper Centaurus Lupus
0.249;10.3;Upper Scorpius
0.241;10.89;Upper Scorpius
0.227;9.13;Upper Scorpius
0.463;4.21;Upper Scorpius
0.337;7.84;Upper Scorpius
0.489;3.4;Upper Scorpius
0.292;8.14;Upper Scorpius
0.456;3.76;Upper Scorpius
0.755;3.55;Upper Scorpius
0.309;7.82;Upper Scorpius
-0.016;25.88;Upper Scorpius
0.135;13.96;Upper Scorpius
0.492;3.12;Upper Scorpius
0.357;4.2;Upper Scorpius
0.271;13.32;Upper Scorpius
0.309;3.69;Upper Scorpius
0.648;3.22;Upper Scorpius
0.545;7.92;Upper Scorpius
0.246;8.35;Upper Scorpius
0.564;4.78;Upper Scorpius
-0.206;5428.39;Upper Scorpius
0.465;2.52;Upper Scorpius
0.108;11.76;Upper Scorpius
0.386;6.68;Upper Scorpius
0.798;1.8;Beta Pictoris
0.233;19.89;Collinder 350
0.009;144.14;NGC 6405
0.299;33.1;Collinder 350
-0.009;208.02;NGC 6405
-0.015;133.15;NGC 6405
1.571;708.19;NGC 6405
0.048;73.18;IC 4665
0.303;49.34;Collinder 350
-0.005;152.93;IC 4665
-0.008;304.44;IC 4665
-0.002;193.09;IC 4665
-0.026;139.72;IC 4665
-0.019;238.89;IC 4665
0.159;40.7;NGC 6405
0.096;40.56;IC 4665
0.002;118.31;Ptolemy
0.354;38.86;Collinder 350
0.127;26.96;IC 4665
-0.012;173.44;IC 4665
0.022;76.66;Ptolemy
0.828;60.17;Collinder 350
0.007;66.76;Ptolemy
-0.111;539.03;Ptolemy
1.129;443.97;Ptolemy
1.241;409.03;Ptolemy
0;165.15;Ptolemy
-0.026;125.63;Ptolemy
-0.041;288.45;Ptolemy
1.098;548.47;Ptolemy
0;189.82;Ptolemy
0.036;118.36;Ptolemy
0.055;224.47;Ptolemy
0.078;45.03;Ptolemy
0.019;113.2;Ptolemy
0.074;238.9;Ptolemy
0.101;39.09;Ptolemy
0.035;137.77;Ptolemy
0.058;620.33;Collinder 350
-0.024;65.1;Ptolemy
0.011;20.92;Collinder 359
-0.1;1524.63;Collinder 359
0.029;2364.17;Collinder 359
0.03;35.57;Collinder 359
-0.04;65.06;Collinder 359
0.458;3.25;Beta Pictoris
0.079;31.18;Collinder 359
1.568;65.45;Collinder 359
0.255;15.57;Beta Pictoris
0.888;27.76;Collinder 359
1.545;656.02;Collinder 359
-0.08;236.83;Alessi 19
0.138;23.63;Collinder 359
-0.07;371.74;Alessi 19
-0.083;417.24;Alessi 19
-0.097;289.41;Alessi 19
0.57;200.64;NGC 6639
0.25;126.44;NGC 6639
0.951;62.63;NGC 6639
0.398;64.25;NGC 6639
0.277;2126.49;IC 4725
1.07;11507.88;IC 4725
1.499;10337.1;IC 4725
1.333;11084.25;IC 4725
0.19;129.2;IC 4756
0.29;61.54;NGC 6639
0.86;63.1;IC 4756
0.35;119.21;IC 4756
0.503;25.02;IC 4756
0.816;39.74;IC 4756
1.128;65.99;IC 4756
0.394;23.02;IC 4756
-0.063;94.81;Stephenson 1
0.556;3.02;Tucana / Horologium
-0.021;112.86;Stephenson 1
0.199;8.29;Beta Pictoris
0.098;28.95;Stephenson 1
0.271;18.67;Stephenson 1
-0.102;143.26;Stephenson 1
-0.062;85.8;Stephenson 1
-0.1;391.94;Stephenson 1
-0.078;114.43;Stephenson 1
0.784;1.13;Beta Pictoris
-0.138;837.66;Stephenson 1
0.489;11.11;Stephenson 1
0.088;21.09;Stephenson 1
-0.109;102.43;Stephenson 1
1.575;4335.24;Stephenson 1
0.026;44.19;Stephenson 1
-0.134;1475.32;Beta Pictoris
1.363;268.19;Stephenson 1
0.32;189.48;ASCC 100
-0.07;163.02;ASCC 100
-0.117;1100.88;ASCC 100
0.098;53.81;ASCC 100
-0.101;454.32;ASCC 100
0.238;114.06;ASCC 100
0.007;42.2;ASCC 100
0.465;92.45;ASCC 100
0.353;264.02;ASCC 100
0.061;80.08;ASCC 100
-0.127;655.62;ASCC 100
-0.033;51.19;ASCC 100
1.133;329.64;ASCC 100
0.011;89.2;ASCC 100
0.026;8.03;ASCC 100
-0.07;257.27;ASCC 100
0.48;3.61;Beta Pictoris
0.158;99.37;Stock 1
0.13;76.08;Stock 1
1.049;129.38;Stock 1
0.13;128.48;Stock 1
0.246;114.12;Stock 1
-0.03;172.69;NGC 6882
-0.041;192.11;NGC 6882
1.132;680.1;NGC 6882
-0.061;127.98;Roslund 5
0.138;397.33;Kronberger 28
0.204;623.82;Kronberger 28
0.189;583.41;Kronberger 28
0.324;276.36;Kronberger 28
-0.028;122.09;Roslund 5
0.095;656.44;Kronberger 28
-0.066;187.52;Roslund 5
0.03;160.17;Roslund 5
0.48;3.29;Beta Pictoris
0.01;183.92;Roslund 5
1.52;842.91;Roslund 5
1.137;0.17;Beta Pictoris
0.034;175.22;Roslund 5
-0.045;271.22;Roslund 5
-0.007;139.88;Roslund 5
1.397;2154.85;NGC 6882
-0.089;296.34;NGC 6882
-0.086;218.64;NGC 6882
-0.107;1145.3;NGC 6882
-0.028;163.35;Roslund 5
-0.062;174.29;NGC 6882
0.031;90.35;Roslund 5
0.111;280.82;Roslund 5
0.299;17.01;Roslund 5
-0.07;255.07;Roslund 5
1.322;588.4;Roslund 5
-0.02;261;Roslund 5
0.66;2322.49;Roslund 5
-0.07;219.47;Roslund 5
0.519;4.55;Tucana / Horologium
-0.118;864.38;Tucana / Horologium
0.953;1732.39;Alessi 12
-0.078;490.89;Alessi 12
-0.004;175.64;Alessi 12
1.55;0.03;Beta Pictoris
-0.016;69.66;Alessi 12
0.344;434.55;Alessi 12
-0.064;271.87;Alessi 12
-0.071;270.25;Alessi 12
1.47;0.07;Beta Pictoris
-0.036;197.88;Alessi 12
-0.067;662.5;Alessi 12
1.271;1025.69;ASCC 113
0.011;198.15;ASCC 113
0;229.82;ASCC 113
-0.122;1384.22;ASCC 113
-0.019;179.38;ASCC 113
1.329;860.87;ASCC 113
0.098;11342.16;ASCC 113
0.514;897.49;ASCC 113
0.69;0.61;Tucana / Horologium
1.01;0.3;Beta Pictoris
0.017;51.04;NGC 7092
-0.065;102.53;NGC 7092
0.097;43.09;NGC 7092
0.05;76.93;NGC 7092
-0.028;104.98;NGC 7092
1.05;0.16;AB Doradus
0.024;61.36;NGC 7092
0.065;52.7;NGC 7092
-0.023;171.55;NGC 7092
0.011;70.36;NGC 7092
0.012;31.11;NGC 7092
-0.001;214.69;NGC 7092
-0.015;164.19;NGC 7092
0.822;137.11;NGC 7092
1.541;240.83;NGC 7092
1.4;0.08;Tucana / Horologium
0.587;1.27;Beta Pictoris
0.18;8.49;Beta Pictoris
0.66;0.94;Beta Pictoris
0.51;2.38;Tucana / Horologium
0.12;415;NGC 7160
0.236;766.25;NGC 7160
0.047;88.47;ASCC 115
0.12;117.28;ASCC 115
0.259;568.61;NGC 7160
0.085;68.42;ASCC 115
0.393;7.75;Tucana / Horologium
1.599;5536.16;NGC 7160
0.171;91.96;NGC 7160
0.052;341.98;NGC 7160
1.547;11240.1;NGC 7160
0.221;274.91;ASCC 115
1.433;1495.31;ASCC 115
0.767;0.92;Tucana / Horologium
0.5;1.53;Tucana / Horologium
0.014;946.96;NGC 7160
0.399;13.77;Tucana / Horologium
-0.07;248.1;AB Doradus
1.57;0.04;AB Doradus
-0.136;1502.87;ASCC 122
0.245;23.19;ASCC 122
-0.086;4651.91;ASCC 122
0.389;7.07;ASCC 122
0.083;20.43;ASCC 122
-0.007;16.85;ASCC 122
0.565;2.05;Beta Pictoris
0.055;12.43;ASCC 122
-0.027;22.08;ASCC 122
0.11;22.47;ASCC 122
0.013;46.04;ASCC 122
0.138;9.88;ASCC 122
-0.035;119.43;ASCC 122
0.173;44.44;ASCC 122
0.001;19.7;ASCC 122
-0.119;525.52;ASCC 122
0.446;3.59;Beta Pictoris
-0.056;111.57;ASCC 122
0.029;29.28;ASCC 122
-0.16;2430.5;ASCC 122
-0.099;142.25;ASCC 122
-0.131;821.86;ASCC 122
0.017;21.95;ASCC 122
0.068;24.1;ASCC 122
-0.108;314.12;ASCC 122
-0.05;238.73;ASCC 122
0.017;23.83;ASCC 122
0.092;21.41;ASCC 122
-0.207;9051.86;ASCC 122
0.14;24.46;ASCC 122
0.086;14.84;ASCC 122
0.029;34.35;ASCC 122
-0.137;3222;ASCC 122
-0.119;904.99;ASCC 122
-0.05;79.13;ASCC 122
0.1;17.34;ASCC 122
0.1;39.51;ASCC 122
0.064;18.23;ASCC 122
1.3;0.02;Beta Pictoris
0.083;54.27;Tucana / Horologium
-0.002;32;ASCC 122
1.597;0.01;Beta Pictoris
0.619;47.23;Cep OB3
0.479;319.8;Cep OB3
0.608;171.9;Cep OB3
0.261;557.29;Cep OB3
0.536;132.92;Cep OB3
0.563;278.5;Cep OB3
0.306;182.94;Cep OB3
0.506;474.24;Cep OB3
1.44;0.06;AB Doradus
0.342;545.05;Cep OB3
-0.025;673.27;ASCC 127
0.087;55.12;ASCC 127
-0.04;473.03;ASCC 127
0.142;35.55;ASCC 127
-0.045;273.27;ASCC 127
-0.015;294.61;ASCC 127
0.445;6.73;AB Doradus
0.749;0.65;AB Doradus
1.056;0.3;Beta Pictoris
1.29;0.12;Beta Pictoris
0.78;1.14;Tucana / Horologium
0.001;25.55;AB Doradus
0.973;0.29;AB Doradus
0.104;25.77;Diamond Cluster
-0.022;69.67;Diamond Cluster
0.061;47.57;Diamond Cluster
-0.062;169.03;Diamond Cluster